{"cameraMode":{"drawMode":0,"name":"Shaded","section":"Shading Mode"},"sceneLighting":false,"audioPlay":false,"sceneViewState":{"showFog":false,"showMaterialUpdate":false,"showSkybox":false,"showFlares":false,"showImageEffects":false,"showParticleSystems":false},"in2DMode":false,"pivot":{"x":-1.1510447263717652,"y":0.6971648335456848,"z":0.17873454093933106},"rotation":{"x":0.048916805535554889,"y":0.9490993618965149,"z":-0.24924121797084809,"w":0.18627454340457917},"size":2.0107626914978029,"orthographic":false}