{"cameraMode":{"drawMode":0,"name":"Shaded","section":"Shading Mode"},"sceneLighting":true,"audioPlay":false,"sceneViewState":{"showFog":false,"showMaterialUpdate":false,"showSkybox":false,"showFlares":false,"showImageEffects":false,"showParticleSystems":false},"in2DMode":false,"pivot":{"x":428.9322509765625,"y":0.5324509143829346,"z":414.1387939453125},"rotation":{"x":0.10615956783294678,"y":0.8455656170845032,"z":-0.1831536442041397,"w":0.4901086688041687},"size":6.8561224937438969,"orthographic":false}